{
  "step": 130,
  "held_base_pos": [
    0.5875693559646606,
    0.04488852992653847,
    0.04709997773170471
  ],
  "held_base_quat": [
    -0.05447378382086754,
    0.007000613957643509,
    0.0010727383196353912,
    0.9984900951385498
  ],
  "target_held_base_pos": [
    0.5972520112991333,
    0.048432402312755585,
    0.021989773958921432
  ],
  "target_held_base_quat": [
    -0.04389989748597145,
    1.862645149230957e-08,
    7.450580596923828e-09,
    0.9990360140800476
  ]
}