{
  "step": 65,
  "held_base_pos": [
    0.589857280254364,
    0.04705012962222099,
    0.04704286903142929
  ],
  "held_base_quat": [
    -0.04783598706126213,
    0.0037223026156425476,
    0.0016401298344135284,
    0.9988468289375305
  ],
  "target_held_base_pos": [
    0.5972520112991333,
    0.048432402312755585,
    0.021989773958921432
  ],
  "target_held_base_quat": [
    -0.04389989748597145,
    1.862645149230957e-08,
    7.450580596923828e-09,
    0.9990360140800476
  ]
}