{
  "step": 40,
  "held_base_pos": [
    0.5898224711418152,
    0.04624267295002937,
    0.047024644911289215
  ],
  "held_base_quat": [
    -0.05737568810582161,
    0.0027080848813056946,
    0.0007651224732398987,
    0.9983487129211426
  ],
  "target_held_base_pos": [
    0.5972520112991333,
    0.048432402312755585,
    0.021989773958921432
  ],
  "target_held_base_quat": [
    -0.04389989748597145,
    1.862645149230957e-08,
    7.450580596923828e-09,
    0.9990360140800476
  ]
}