{
  "step": 145,
  "held_base_pos": [
    0.573312520980835,
    0.036623600870370865,
    0.048320475965738297
  ],
  "held_base_quat": [
    -0.051506783813238144,
    0.005796678364276886,
    0.0007566437125205994,
    0.9986556172370911
  ],
  "target_held_base_pos": [
    0.5972520112991333,
    0.048432402312755585,
    0.021989773958921432
  ],
  "target_held_base_quat": [
    -0.04389989748597145,
    1.862645149230957e-08,
    7.450580596923828e-09,
    0.9990360140800476
  ]
}