{
  "step": 10,
  "held_base_pos": [
    0.58891761302948,
    0.04455314576625824,
    0.05365622788667679
  ],
  "held_base_quat": [
    -0.07262630015611649,
    -0.00021167844533920288,
    0.00018727779388427734,
    0.9973592162132263
  ],
  "target_held_base_pos": [
    0.5972520112991333,
    0.048432402312755585,
    0.021989773958921432
  ],
  "target_held_base_quat": [
    -0.04389989748597145,
    1.862645149230957e-08,
    7.450580596923828e-09,
    0.9990360140800476
  ]
}