{
  "step": 115,
  "held_base_pos": [
    0.5950815677642822,
    0.04817264527082443,
    0.0470375195145607
  ],
  "held_base_quat": [
    -0.05052030459046364,
    0.007393278181552887,
    0.001390315592288971,
    0.998694658279419
  ],
  "target_held_base_pos": [
    0.5972520112991333,
    0.048432402312755585,
    0.021989773958921432
  ],
  "target_held_base_quat": [
    -0.04389989748597145,
    1.862645149230957e-08,
    7.450580596923828e-09,
    0.9990360140800476
  ]
}