{
  "step": 45,
  "held_base_pos": [
    0.5867248773574829,
    0.04469481110572815,
    0.04705468565225601
  ],
  "held_base_quat": [
    -0.04857499897480011,
    0.0022933483123779297,
    0.0008152797818183899,
    0.9988166093826294
  ],
  "target_held_base_pos": [
    0.5972520112991333,
    0.048432402312755585,
    0.021989773958921432
  ],
  "target_held_base_quat": [
    -0.04389989748597145,
    1.862645149230957e-08,
    7.450580596923828e-09,
    0.9990360140800476
  ]
}