{
  "step": 125,
  "held_base_pos": [
    0.5937085747718811,
    0.04777643457055092,
    0.04706947132945061
  ],
  "held_base_quat": [
    -0.047029174864292145,
    0.00726911798119545,
    0.0025050565600395203,
    0.9988638162612915
  ],
  "target_held_base_pos": [
    0.5972520112991333,
    0.048432402312755585,
    0.021989773958921432
  ],
  "target_held_base_quat": [
    -0.04389989748597145,
    1.862645149230957e-08,
    7.450580596923828e-09,
    0.9990360140800476
  ]
}