{
  "step": 90,
  "held_base_pos": [
    0.5871732234954834,
    0.043139178305864334,
    0.047061700373888016
  ],
  "held_base_quat": [
    -0.03876219317317009,
    0.002145625650882721,
    0.0005907714366912842,
    0.9992460012435913
  ],
  "target_held_base_pos": [
    0.5972520112991333,
    0.048432402312755585,
    0.021989773958921432
  ],
  "target_held_base_quat": [
    -0.04389989748597145,
    1.862645149230957e-08,
    7.450580596923828e-09,
    0.9990360140800476
  ]
}