{
  "step": 80,
  "held_base_pos": [
    0.5898228883743286,
    0.04705120623111725,
    0.04703117161989212
  ],
  "held_base_quat": [
    -0.04183652251958847,
    0.0029990002512931824,
    0.0005073435604572296,
    0.9991198182106018
  ],
  "target_held_base_pos": [
    0.5972520112991333,
    0.048432402312755585,
    0.021989773958921432
  ],
  "target_held_base_quat": [
    -0.04389989748597145,
    1.862645149230957e-08,
    7.450580596923828e-09,
    0.9990360140800476
  ]
}