{
  "step": 110,
  "held_base_pos": [
    0.5967687368392944,
    0.04730537161231041,
    0.04711444303393364
  ],
  "held_base_quat": [
    -0.04292653501033783,
    0.00817662850022316,
    0.0009867027401924133,
    0.9990444183349609
  ],
  "target_held_base_pos": [
    0.5972520112991333,
    0.048432402312755585,
    0.021989773958921432
  ],
  "target_held_base_quat": [
    -0.04389989748597145,
    1.862645149230957e-08,
    7.450580596923828e-09,
    0.9990360140800476
  ]
}