{
  "step": 5,
  "held_base_pos": [
    0.5850672125816345,
    0.05712117627263069,
    0.06000755727291107
  ],
  "held_base_quat": [
    -0.08675666153430939,
    -0.00039952993392944336,
    0.0006003975868225098,
    0.9962292909622192
  ],
  "target_held_base_pos": [
    0.5972520112991333,
    0.048432402312755585,
    0.021989773958921432
  ],
  "target_held_base_quat": [
    -0.04389989748597145,
    1.862645149230957e-08,
    7.450580596923828e-09,
    0.9990360140800476
  ]
}