{
  "step": 95,
  "held_base_pos": [
    0.5908816456794739,
    0.04657430574297905,
    0.04711491987109184
  ],
  "held_base_quat": [
    -0.0370410680770874,
    0.007711712270975113,
    0.002855908125638962,
    0.9992798566818237
  ],
  "target_held_base_pos": [
    0.5972520112991333,
    0.048432402312755585,
    0.021989773958921432
  ],
  "target_held_base_quat": [
    -0.04389989748597145,
    1.862645149230957e-08,
    7.450580596923828e-09,
    0.9990360140800476
  ]
}