{
  "step": 120,
  "held_base_pos": [
    0.5949949622154236,
    0.048214174807071686,
    0.04703805223107338
  ],
  "held_base_quat": [
    -0.0380110926926136,
    0.0073005929589271545,
    0.0007872655987739563,
    0.9992504119873047
  ],
  "target_held_base_pos": [
    0.5972520112991333,
    0.048432402312755585,
    0.021989773958921432
  ],
  "target_held_base_quat": [
    -0.04389989748597145,
    1.862645149230957e-08,
    7.450580596923828e-09,
    0.9990360140800476
  ]
}