{
  "step": 140,
  "held_base_pos": [
    0.5732064247131348,
    0.038376614451408386,
    0.046835482120513916
  ],
  "held_base_quat": [
    -0.04827103763818741,
    0.0067798905074596405,
    0.001144949346780777,
    0.9988105893135071
  ],
  "target_held_base_pos": [
    0.5972520112991333,
    0.048432402312755585,
    0.021989773958921432
  ],
  "target_held_base_quat": [
    -0.04389989748597145,
    1.862645149230957e-08,
    7.450580596923828e-09,
    0.9990360140800476
  ]
}