{
  "step": 35,
  "held_base_pos": [
    0.5919505953788757,
    0.048008233308792114,
    0.04703732579946518
  ],
  "held_base_quat": [
    -0.04434269294142723,
    0.0031620264053344727,
    0.0007710792124271393,
    0.9990110397338867
  ],
  "target_held_base_pos": [
    0.5972520112991333,
    0.048432402312755585,
    0.021989773958921432
  ],
  "target_held_base_quat": [
    -0.04389989748597145,
    1.862645149230957e-08,
    7.450580596923828e-09,
    0.9990360140800476
  ]
}