{
  "step": 75,
  "held_base_pos": [
    0.5898792743682861,
    0.04726482182741165,
    0.047047100961208344
  ],
  "held_base_quat": [
    -0.037529658526182175,
    0.003874853253364563,
    0.0010852627456188202,
    0.9992873668670654
  ],
  "target_held_base_pos": [
    0.5972520112991333,
    0.048432402312755585,
    0.021989773958921432
  ],
  "target_held_base_quat": [
    -0.04389989748597145,
    1.862645149230957e-08,
    7.450580596923828e-09,
    0.9990360140800476
  ]
}