{
  "step": 55,
  "held_base_pos": [
    0.5894677042961121,
    0.04658812656998634,
    0.04702455550432205
  ],
  "held_base_quat": [
    -0.04316731169819832,
    0.0031752698123455048,
    0.0015263855457305908,
    0.9990617036819458
  ],
  "target_held_base_pos": [
    0.5972520112991333,
    0.048432402312755585,
    0.021989773958921432
  ],
  "target_held_base_quat": [
    -0.04389989748597145,
    1.862645149230957e-08,
    7.450580596923828e-09,
    0.9990360140800476
  ]
}