{
  "step": 85,
  "held_base_pos": [
    0.5873642563819885,
    0.04539184644818306,
    0.04703202471137047
  ],
  "held_base_quat": [
    -0.04807521402835846,
    0.0030744001269340515,
    0.0010232627391815186,
    0.9988385438919067
  ],
  "target_held_base_pos": [
    0.5972520112991333,
    0.048432402312755585,
    0.021989773958921432
  ],
  "target_held_base_quat": [
    -0.04389989748597145,
    1.862645149230957e-08,
    7.450580596923828e-09,
    0.9990360140800476
  ]
}