{
  "step": 135,
  "held_base_pos": [
    0.5808860659599304,
    0.040259238332509995,
    0.0471050925552845
  ],
  "held_base_quat": [
    -0.05153226852416992,
    0.0070384182035923,
    0.000940859317779541,
    0.9986461400985718
  ],
  "target_held_base_pos": [
    0.5972520112991333,
    0.048432402312755585,
    0.021989773958921432
  ],
  "target_held_base_quat": [
    -0.04389989748597145,
    1.862645149230957e-08,
    7.450580596923828e-09,
    0.9990360140800476
  ]
}