{
  "step": 25,
  "held_base_pos": [
    0.5917276740074158,
    0.04897964373230934,
    0.047041017562150955
  ],
  "held_base_quat": [
    -0.06153944507241249,
    0.0026098862290382385,
    0.0012729652225971222,
    0.9981004595756531
  ],
  "target_held_base_pos": [
    0.5972520112991333,
    0.048432402312755585,
    0.021989773958921432
  ],
  "target_held_base_quat": [
    -0.04389989748597145,
    1.862645149230957e-08,
    7.450580596923828e-09,
    0.9990360140800476
  ]
}