{
  "step": 50,
  "held_base_pos": [
    0.5893180966377258,
    0.0460527241230011,
    0.04702296108007431
  ],
  "held_base_quat": [
    -0.041271984577178955,
    0.002726670354604721,
    0.0011860989034175873,
    0.9991435408592224
  ],
  "target_held_base_pos": [
    0.5972520112991333,
    0.048432402312755585,
    0.021989773958921432
  ],
  "target_held_base_quat": [
    -0.04389989748597145,
    1.862645149230957e-08,
    7.450580596923828e-09,
    0.9990360140800476
  ]
}