{
  "step": 30,
  "held_base_pos": [
    0.5916027426719666,
    0.048561111092567444,
    0.047040924429893494
  ],
  "held_base_quat": [
    -0.050522252917289734,
    0.002866338938474655,
    0.0008205138146877289,
    0.9987185597419739
  ],
  "target_held_base_pos": [
    0.5972520112991333,
    0.048432402312755585,
    0.021989773958921432
  ],
  "target_held_base_quat": [
    -0.04389989748597145,
    1.862645149230957e-08,
    7.450580596923828e-09,
    0.9990360140800476
  ]
}