{
  "step": 20,
  "held_base_pos": [
    0.5917693972587585,
    0.04906747490167618,
    0.047103337943553925
  ],
  "held_base_quat": [
    -0.06454304605722427,
    0.002932153642177582,
    0.0015620812773704529,
    0.997909426689148
  ],
  "target_held_base_pos": [
    0.5972520112991333,
    0.048432402312755585,
    0.021989773958921432
  ],
  "target_held_base_quat": [
    -0.04389989748597145,
    1.862645149230957e-08,
    7.450580596923828e-09,
    0.9990360140800476
  ]
}