{
  "step": 100,
  "held_base_pos": [
    0.5911044478416443,
    0.048078957945108414,
    0.047136154025793076
  ],
  "held_base_quat": [
    -0.0456312857568264,
    0.007549460977315903,
    0.0032171905040740967,
    0.9989246129989624
  ],
  "target_held_base_pos": [
    0.5972520112991333,
    0.048432402312755585,
    0.021989773958921432
  ],
  "target_held_base_quat": [
    -0.04389989748597145,
    1.862645149230957e-08,
    7.450580596923828e-09,
    0.9990360140800476
  ]
}