{
  "step": 60,
  "held_base_pos": [
    0.5899437069892883,
    0.047251343727111816,
    0.04706639423966408
  ],
  "held_base_quat": [
    -0.032835349440574646,
    0.004342727363109589,
    0.001820143312215805,
    0.9994496703147888
  ],
  "target_held_base_pos": [
    0.5972520112991333,
    0.048432402312755585,
    0.021989773958921432
  ],
  "target_held_base_quat": [
    -0.04389989748597145,
    1.862645149230957e-08,
    7.450580596923828e-09,
    0.9990360140800476
  ]
}