{
  "step": 15,
  "held_base_pos": [
    0.589341402053833,
    0.04607491195201874,
    0.047018490731716156
  ],
  "held_base_quat": [
    -0.06472816318273544,
    0.002410970628261566,
    0.0023804083466529846,
    0.997897207736969
  ],
  "target_held_base_pos": [
    0.5972520112991333,
    0.048432402312755585,
    0.021989773958921432
  ],
  "target_held_base_quat": [
    -0.04389989748597145,
    1.862645149230957e-08,
    7.450580596923828e-09,
    0.9990360140800476
  ]
}