{
  "step": 105,
  "held_base_pos": [
    0.5926008224487305,
    0.04892374202609062,
    0.04714713618159294
  ],
  "held_base_quat": [
    -0.035256218165159225,
    0.007126845419406891,
    0.002728283405303955,
    0.9993491768836975
  ],
  "target_held_base_pos": [
    0.5972520112991333,
    0.048432402312755585,
    0.021989773958921432
  ],
  "target_held_base_quat": [
    -0.04389989748597145,
    1.862645149230957e-08,
    7.450580596923828e-09,
    0.9990360140800476
  ]
}