{
  "step": 70,
  "held_base_pos": [
    0.5894656181335449,
    0.04688604176044464,
    0.04702029377222061
  ],
  "held_base_quat": [
    -0.050385791808366776,
    0.002491932362318039,
    0.001263212412595749,
    0.998725950717926
  ],
  "target_held_base_pos": [
    0.5972520112991333,
    0.048432402312755585,
    0.021989773958921432
  ],
  "target_held_base_quat": [
    -0.04389989748597145,
    1.862645149230957e-08,
    7.450580596923828e-09,
    0.9990360140800476
  ]
}