{
  "step": 80,
  "held_base_pos": [
    0.620108425617218,
    0.04819518327713013,
    0.025605596601963043
  ],
  "held_base_quat": [
    -0.10014019906520844,
    0.0019664615392684937,
    0.0011603906750679016,
    0.9949707984924316
  ],
  "target_held_base_pos": [
    0.6214914917945862,
    0.04785267263650894,
    0.0005667256191372871
  ],
  "target_held_base_quat": [
    -0.09785564243793488,
    -7.450580596923828e-09,
    7.450580596923828e-09,
    0.9952006936073303
  ]
}