{
  "step": 55,
  "held_base_pos": [
    0.6149085164070129,
    0.04585427790880203,
    0.025646070018410683
  ],
  "held_base_quat": [
    -0.09555970877408981,
    0.002777278423309326,
    2.212822437286377e-06,
    0.9954198002815247
  ],
  "target_held_base_pos": [
    0.6214914917945862,
    0.04785267263650894,
    0.0005667256191372871
  ],
  "target_held_base_quat": [
    -0.09785564243793488,
    -7.450580596923828e-09,
    7.450580596923828e-09,
    0.9952006936073303
  ]
}