{
  "step": 85,
  "held_base_pos": [
    0.6210543513298035,
    0.0482526496052742,
    0.02561027556657791
  ],
  "held_base_quat": [
    -0.09923934191465378,
    0.0025468915700912476,
    0.0006056800484657288,
    0.99506014585495
  ],
  "target_held_base_pos": [
    0.6214914917945862,
    0.04785267263650894,
    0.0005667256191372871
  ],
  "target_held_base_quat": [
    -0.09785564243793488,
    -7.450580596923828e-09,
    7.450580596923828e-09,
    0.9952006936073303
  ]
}