{
  "step": 10,
  "held_base_pos": [
    0.6100078821182251,
    0.039898306131362915,
    0.025577250868082047
  ],
  "held_base_quat": [
    0.06205309182405472,
    0.00047948211431503296,
    -0.0005085915327072144,
    0.9980726838111877
  ],
  "target_held_base_pos": [
    0.6214914917945862,
    0.04785267263650894,
    0.0005667256191372871
  ],
  "target_held_base_quat": [
    -0.09785564243793488,
    -7.450580596923828e-09,
    7.450580596923828e-09,
    0.9952006936073303
  ]
}