{
  "step": 35,
  "held_base_pos": [
    0.6115378141403198,
    0.0445292629301548,
    0.025589123368263245
  ],
  "held_base_quat": [
    -0.09772038459777832,
    0.000926285982131958,
    0.00041934847831726074,
    0.9952133893966675
  ],
  "target_held_base_pos": [
    0.6214914917945862,
    0.04785267263650894,
    0.0005667256191372871
  ],
  "target_held_base_quat": [
    -0.09785564243793488,
    -7.450580596923828e-09,
    7.450580596923828e-09,
    0.9952006936073303
  ]
}