{
  "step": 25,
  "held_base_pos": [
    0.6093530654907227,
    0.04052457958459854,
    0.025574104860424995
  ],
  "held_base_quat": [
    -0.06216251850128174,
    0.0003368742763996124,
    0.0005041211843490601,
    0.9980658888816833
  ],
  "target_held_base_pos": [
    0.6214914917945862,
    0.04785267263650894,
    0.0005667256191372871
  ],
  "target_held_base_quat": [
    -0.09785564243793488,
    -7.450580596923828e-09,
    7.450580596923828e-09,
    0.9952006936073303
  ]
}