{
  "step": 50,
  "held_base_pos": [
    0.6145375967025757,
    0.04591367393732071,
    0.025610048323869705
  ],
  "held_base_quat": [
    -0.10382213443517685,
    0.0032659098505973816,
    0.0004708617925643921,
    0.9945904016494751
  ],
  "target_held_base_pos": [
    0.6214914917945862,
    0.04785267263650894,
    0.0005667256191372871
  ],
  "target_held_base_quat": [
    -0.09785564243793488,
    -7.450580596923828e-09,
    7.450580596923828e-09,
    0.9952006936073303
  ]
}