{
  "step": 5,
  "held_base_pos": [
    0.6076179146766663,
    0.03426893427968025,
    0.032142382115125656
  ],
  "held_base_quat": [
    0.0907379761338234,
    -0.00092325359582901,
    6.146728992462158e-05,
    0.9958743453025818
  ],
  "target_held_base_pos": [
    0.6214914917945862,
    0.04785267263650894,
    0.0005667256191372871
  ],
  "target_held_base_quat": [
    -0.09785564243793488,
    -7.450580596923828e-09,
    7.450580596923828e-09,
    0.9952006936073303
  ]
}