{
  "step": 45,
  "held_base_pos": [
    0.6143981218338013,
    0.045621901750564575,
    0.025604410097002983
  ],
  "held_base_quat": [
    -0.09904623031616211,
    0.002762235701084137,
    0.000924035906791687,
    0.9950785636901855
  ],
  "target_held_base_pos": [
    0.6214914917945862,
    0.04785267263650894,
    0.0005667256191372871
  ],
  "target_held_base_quat": [
    -0.09785564243793488,
    -7.450580596923828e-09,
    7.450580596923828e-09,
    0.9952006936073303
  ]
}