{
  "step": 130,
  "held_base_pos": [
    0.6214893460273743,
    0.04782494902610779,
    0.0006211623549461365
  ],
  "held_base_quat": [
    -0.09916544705629349,
    0.0009018257260322571,
    0.0014943480491638184,
    0.9950694441795349
  ],
  "target_held_base_pos": [
    0.6214914917945862,
    0.04785267263650894,
    0.0005667256191372871
  ],
  "target_held_base_quat": [
    -0.09785564243793488,
    -7.450580596923828e-09,
    7.450580596923828e-09,
    0.9952006936073303
  ]
}