{
  "step": 120,
  "held_base_pos": [
    0.6214795708656311,
    0.04783167690038681,
    0.0006240531802177429
  ],
  "held_base_quat": [
    -0.097295843064785,
    0.0011316463351249695,
    0.0015290379524230957,
    0.9952536821365356
  ],
  "target_held_base_pos": [
    0.6214914917945862,
    0.04785267263650894,
    0.0005667256191372871
  ],
  "target_held_base_quat": [
    -0.09785564243793488,
    -7.450580596923828e-09,
    7.450580596923828e-09,
    0.9952006936073303
  ]
}