{
  "step": 70,
  "held_base_pos": [
    0.6176062226295471,
    0.047273244708776474,
    0.025602731853723526
  ],
  "held_base_quat": [
    -0.1005997508764267,
    0.00238114595413208,
    0.0006854087114334106,
    0.9949238300323486
  ],
  "target_held_base_pos": [
    0.6214914917945862,
    0.04785267263650894,
    0.0005667256191372871
  ],
  "target_held_base_quat": [
    -0.09785564243793488,
    -7.450580596923828e-09,
    7.450580596923828e-09,
    0.9952006936073303
  ]
}