{
  "step": 75,
  "held_base_pos": [
    0.6192946434020996,
    0.047514308243989944,
    0.02557777240872383
  ],
  "held_base_quat": [
    -0.09674698859453201,
    0.0024852901697158813,
    0.0007184445858001709,
    0.9953056573867798
  ],
  "target_held_base_pos": [
    0.6214914917945862,
    0.04785267263650894,
    0.0005667256191372871
  ],
  "target_held_base_quat": [
    -0.09785564243793488,
    -7.450580596923828e-09,
    7.450580596923828e-09,
    0.9952006936073303
  ]
}