{
  "step": 95,
  "held_base_pos": [
    0.6214585900306702,
    0.04780421406030655,
    0.011972310021519661
  ],
  "held_base_quat": [
    -0.09866777807474136,
    0.001087188720703125,
    0.00018371641635894775,
    0.9951198697090149
  ],
  "target_held_base_pos": [
    0.6214914917945862,
    0.04785267263650894,
    0.0005667256191372871
  ],
  "target_held_base_quat": [
    -0.09785564243793488,
    -7.450580596923828e-09,
    7.450580596923828e-09,
    0.9952006936073303
  ]
}