{
  "step": 105,
  "held_base_pos": [
    0.6214725375175476,
    0.04784438759088516,
    0.000608125701546669
  ],
  "held_base_quat": [
    -0.09667090326547623,
    3.8683414459228516e-05,
    0.001091882586479187,
    0.9953157901763916
  ],
  "target_held_base_pos": [
    0.6214914917945862,
    0.04785267263650894,
    0.0005667256191372871
  ],
  "target_held_base_quat": [
    -0.09785564243793488,
    -7.450580596923828e-09,
    7.450580596923828e-09,
    0.9952006936073303
  ]
}