{
  "step": 140,
  "held_base_pos": [
    0.621483564376831,
    0.04782687500119209,
    0.0006241481751203537
  ],
  "held_base_quat": [
    -0.09856348484754562,
    0.001096293330192566,
    0.0014859437942504883,
    0.9951291084289551
  ],
  "target_held_base_pos": [
    0.6214914917945862,
    0.04785267263650894,
    0.0005667256191372871
  ],
  "target_held_base_quat": [
    -0.09785564243793488,
    -7.450580596923828e-09,
    7.450580596923828e-09,
    0.9952006936073303
  ]
}