{
  "step": 30,
  "held_base_pos": [
    0.6107492446899414,
    0.0419108122587204,
    0.025597738102078438
  ],
  "held_base_quat": [
    -0.08406852185726166,
    0.0002615228295326233,
    3.875046968460083e-05,
    0.9964600205421448
  ],
  "target_held_base_pos": [
    0.6214914917945862,
    0.04785267263650894,
    0.0005667256191372871
  ],
  "target_held_base_quat": [
    -0.09785564243793488,
    -7.450580596923828e-09,
    7.450580596923828e-09,
    0.9952006936073303
  ]
}