{
  "step": 40,
  "held_base_pos": [
    0.6125798225402832,
    0.04483986645936966,
    0.025578901171684265
  ],
  "held_base_quat": [
    -0.10095098614692688,
    0.0011322051286697388,
    0.00032033026218414307,
    0.9948906898498535
  ],
  "target_held_base_pos": [
    0.6214914917945862,
    0.04785267263650894,
    0.0005667256191372871
  ],
  "target_held_base_quat": [
    -0.09785564243793488,
    -7.450580596923828e-09,
    7.450580596923828e-09,
    0.9952006936073303
  ]
}