{
  "step": 115,
  "held_base_pos": [
    0.6214792132377625,
    0.04783591255545616,
    0.0006192624568939209
  ],
  "held_base_quat": [
    -0.09605201333761215,
    0.0008815601468086243,
    0.0013043582439422607,
    0.9953750371932983
  ],
  "target_held_base_pos": [
    0.6214914917945862,
    0.04785267263650894,
    0.0005667256191372871
  ],
  "target_held_base_quat": [
    -0.09785564243793488,
    -7.450580596923828e-09,
    7.450580596923828e-09,
    0.9952006936073303
  ]
}