{
  "step": 15,
  "held_base_pos": [
    0.6097690463066101,
    0.040916163474321365,
    0.025566475465893745
  ],
  "held_base_quat": [
    0.02192799374461174,
    -0.00019875168800354004,
    0.00036029890179634094,
    0.9997593760490417
  ],
  "target_held_base_pos": [
    0.6214914917945862,
    0.04785267263650894,
    0.0005667256191372871
  ],
  "target_held_base_quat": [
    -0.09785564243793488,
    -7.450580596923828e-09,
    7.450580596923828e-09,
    0.9952006936073303
  ]
}