{
  "step": 90,
  "held_base_pos": [
    0.6214520931243896,
    0.04787207394838333,
    0.02265196293592453
  ],
  "held_base_quat": [
    -0.09962928295135498,
    0.001661650836467743,
    0.0006227493286132812,
    0.9950230717658997
  ],
  "target_held_base_pos": [
    0.6214914917945862,
    0.04785267263650894,
    0.0005667256191372871
  ],
  "target_held_base_quat": [
    -0.09785564243793488,
    -7.450580596923828e-09,
    7.450580596923828e-09,
    0.9952006936073303
  ]
}