{
  "step": 145,
  "held_base_pos": [
    0.6214914917945862,
    0.047825731337070465,
    0.0006253067404031754
  ],
  "held_base_quat": [
    -0.09877917170524597,
    0.001212097704410553,
    0.0012794584035873413,
    0.9951078295707703
  ],
  "target_held_base_pos": [
    0.6214914917945862,
    0.04785267263650894,
    0.0005667256191372871
  ],
  "target_held_base_quat": [
    -0.09785564243793488,
    -7.450580596923828e-09,
    7.450580596923828e-09,
    0.9952006936073303
  ]
}