{
  "step": 100,
  "held_base_pos": [
    0.6214733719825745,
    0.047840218991041183,
    0.0006078165024518967
  ],
  "held_base_quat": [
    -0.09707555174827576,
    5.747377872467041e-05,
    0.0008630529046058655,
    0.9952766299247742
  ],
  "target_held_base_pos": [
    0.6214914917945862,
    0.04785267263650894,
    0.0005667256191372871
  ],
  "target_held_base_quat": [
    -0.09785564243793488,
    -7.450580596923828e-09,
    7.450580596923828e-09,
    0.9952006936073303
  ]
}