{
  "step": 60,
  "held_base_pos": [
    0.6153281331062317,
    0.04527328908443451,
    0.025601698085665703
  ],
  "held_base_quat": [
    -0.09799659997224808,
    0.0025798529386520386,
    0.0009336471557617188,
    0.995182991027832
  ],
  "target_held_base_pos": [
    0.6214914917945862,
    0.04785267263650894,
    0.0005667256191372871
  ],
  "target_held_base_quat": [
    -0.09785564243793488,
    -7.450580596923828e-09,
    7.450580596923828e-09,
    0.9952006936073303
  ]
}