{
  "step": 125,
  "held_base_pos": [
    0.621479332447052,
    0.04783036187291145,
    0.0006220396608114243
  ],
  "held_base_quat": [
    -0.09845511615276337,
    0.0009935498237609863,
    0.001465819776058197,
    0.9951399564743042
  ],
  "target_held_base_pos": [
    0.6214914917945862,
    0.04785267263650894,
    0.0005667256191372871
  ],
  "target_held_base_quat": [
    -0.09785564243793488,
    -7.450580596923828e-09,
    7.450580596923828e-09,
    0.9952006936073303
  ]
}