{
  "step": 135,
  "held_base_pos": [
    0.621484637260437,
    0.0478278286755085,
    0.0006206873804330826
  ],
  "held_base_quat": [
    -0.09891720861196518,
    0.0009356662631034851,
    0.0014249086380004883,
    0.9950941801071167
  ],
  "target_held_base_pos": [
    0.6214914917945862,
    0.04785267263650894,
    0.0005667256191372871
  ],
  "target_held_base_quat": [
    -0.09785564243793488,
    -7.450580596923828e-09,
    7.450580596923828e-09,
    0.9952006936073303
  ]
}