{
  "step": 65,
  "held_base_pos": [
    0.617042601108551,
    0.047003574669361115,
    0.02560299262404442
  ],
  "held_base_quat": [
    -0.09585048258304596,
    0.0018458440899848938,
    0.0006966739892959595,
    0.9953938126564026
  ],
  "target_held_base_pos": [
    0.6214914917945862,
    0.04785267263650894,
    0.0005667256191372871
  ],
  "target_held_base_quat": [
    -0.09785564243793488,
    -7.450580596923828e-09,
    7.450580596923828e-09,
    0.9952006936073303
  ]
}