{
  "step": 20,
  "held_base_pos": [
    0.609312891960144,
    0.040653496980667114,
    0.025568149983882904
  ],
  "held_base_quat": [
    -0.021108897402882576,
    -0.00017893686890602112,
    0.00035068951547145844,
    0.99977707862854
  ],
  "target_held_base_pos": [
    0.6214914917945862,
    0.04785267263650894,
    0.0005667256191372871
  ],
  "target_held_base_quat": [
    -0.09785564243793488,
    -7.450580596923828e-09,
    7.450580596923828e-09,
    0.9952006936073303
  ]
}