{
  "step": 110,
  "held_base_pos": [
    0.6214823126792908,
    0.04783579334616661,
    0.000617610290646553
  ],
  "held_base_quat": [
    -0.09635867923498154,
    0.0007776916027069092,
    0.0014806687831878662,
    0.9953452348709106
  ],
  "target_held_base_pos": [
    0.6214914917945862,
    0.04785267263650894,
    0.0005667256191372871
  ],
  "target_held_base_quat": [
    -0.09785564243793488,
    -7.450580596923828e-09,
    7.450580596923828e-09,
    0.9952006936073303
  ]
}