{
  "step": 7,
  "held_base_pos": [
    0.5789955258369446,
    -0.029459461569786072,
    0.0851454958319664
  ],
  "held_base_quat": [
    -0.042806316167116165,
    -0.0007314831018447876,
    0.0023334547877311707,
    0.9990803599357605
  ],
  "target_held_base_pos": [
    0.5923901200294495,
    -0.027657289057970047,
    0.05521557107567787
  ],
  "target_held_base_quat": [
    -0.22726485133171082,
    0.0,
    0.0,
    0.9738330245018005
  ]
}