{
  "step": 52,
  "held_base_pos": [
    0.5924952030181885,
    -0.028172796592116356,
    0.08042875677347183
  ],
  "held_base_quat": [
    -0.23151692748069763,
    0.01550564169883728,
    0.005428150296211243,
    0.9726921916007996
  ],
  "target_held_base_pos": [
    0.5923901200294495,
    -0.027657289057970047,
    0.05521557107567787
  ],
  "target_held_base_quat": [
    -0.22726485133171082,
    0.0,
    0.0,
    0.9738330245018005
  ]
}