{
  "step": 122,
  "held_base_pos": [
    0.5922898650169373,
    -0.027550112456083298,
    0.08020607382059097
  ],
  "held_base_quat": [
    -0.2204393744468689,
    0.016092747449874878,
    0.0037035197019577026,
    0.9752609133720398
  ],
  "target_held_base_pos": [
    0.5923901200294495,
    -0.027657289057970047,
    0.05521557107567787
  ],
  "target_held_base_quat": [
    -0.22726485133171082,
    0.0,
    0.0,
    0.9738330245018005
  ]
}