{
  "step": 92,
  "held_base_pos": [
    0.5905435085296631,
    -0.028486022725701332,
    0.08029760420322418
  ],
  "held_base_quat": [
    -0.22429662942886353,
    0.014647141098976135,
    0.00489923357963562,
    0.9743984937667847
  ],
  "target_held_base_pos": [
    0.5923901200294495,
    -0.027657289057970047,
    0.05521557107567787
  ],
  "target_held_base_quat": [
    -0.22726485133171082,
    0.0,
    0.0,
    0.9738330245018005
  ]
}