{
  "step": 12,
  "held_base_pos": [
    0.5871002674102783,
    -0.02241520956158638,
    0.08118733763694763
  ],
  "held_base_quat": [
    -0.08149636536836624,
    0.00565037876367569,
    0.003991581499576569,
    0.9966496229171753
  ],
  "target_held_base_pos": [
    0.5923901200294495,
    -0.027657289057970047,
    0.05521557107567787
  ],
  "target_held_base_quat": [
    -0.22726485133171082,
    0.0,
    0.0,
    0.9738330245018005
  ]
}