{
  "step": 107,
  "held_base_pos": [
    0.5905913710594177,
    -0.028355833142995834,
    0.08030351996421814
  ],
  "held_base_quat": [
    -0.21893663704395294,
    0.014854252338409424,
    0.004697486758232117,
    0.9756147265434265
  ],
  "target_held_base_pos": [
    0.5923901200294495,
    -0.027657289057970047,
    0.05521557107567787
  ],
  "target_held_base_quat": [
    -0.22726485133171082,
    0.0,
    0.0,
    0.9738330245018005
  ]
}