{
  "step": 142,
  "held_base_pos": [
    0.5923765897750854,
    -0.02770298905670643,
    0.07757289707660675
  ],
  "held_base_quat": [
    -0.22951525449752808,
    0.015356674790382385,
    0.00424608588218689,
    0.9731746912002563
  ],
  "target_held_base_pos": [
    0.5923901200294495,
    -0.027657289057970047,
    0.05521557107567787
  ],
  "target_held_base_quat": [
    -0.22726485133171082,
    0.0,
    0.0,
    0.9738330245018005
  ]
}