{
  "step": 147,
  "held_base_pos": [
    0.5923380851745605,
    -0.027643807232379913,
    0.07678040117025375
  ],
  "held_base_quat": [
    -0.22853098809719086,
    0.016618892550468445,
    0.003391772508621216,
    0.9733887910842896
  ],
  "target_held_base_pos": [
    0.5923901200294495,
    -0.027657289057970047,
    0.05521557107567787
  ],
  "target_held_base_quat": [
    -0.22726485133171082,
    0.0,
    0.0,
    0.9738330245018005
  ]
}