{
  "step": 97,
  "held_base_pos": [
    0.589867889881134,
    -0.028788719326257706,
    0.08031821995973587
  ],
  "held_base_quat": [
    -0.22306498885154724,
    0.01458759605884552,
    0.004389658570289612,
    0.9746845364570618
  ],
  "target_held_base_pos": [
    0.5923901200294495,
    -0.027657289057970047,
    0.05521557107567787
  ],
  "target_held_base_quat": [
    -0.22726485133171082,
    0.0,
    0.0,
    0.9738330245018005
  ]
}