{
  "step": 17,
  "held_base_pos": [
    0.5935645699501038,
    -0.026324978098273277,
    0.08052125573158264
  ],
  "held_base_quat": [
    -0.11084721237421036,
    0.014115579426288605,
    0.0022947564721107483,
    0.9937345385551453
  ],
  "target_held_base_pos": [
    0.5923901200294495,
    -0.027657289057970047,
    0.05521557107567787
  ],
  "target_held_base_quat": [
    -0.22726485133171082,
    0.0,
    0.0,
    0.9738330245018005
  ]
}