{
  "step": 127,
  "held_base_pos": [
    0.5923320651054382,
    -0.027573101222515106,
    0.08001607656478882
  ],
  "held_base_quat": [
    -0.22165222465991974,
    0.015094444155693054,
    0.004855945706367493,
    0.9749968647956848
  ],
  "target_held_base_pos": [
    0.5923901200294495,
    -0.027657289057970047,
    0.05521557107567787
  ],
  "target_held_base_quat": [
    -0.22726485133171082,
    0.0,
    0.0,
    0.9738330245018005
  ]
}