{
  "step": 77,
  "held_base_pos": [
    0.5934242606163025,
    -0.027577951550483704,
    0.08046989142894745
  ],
  "held_base_quat": [
    -0.2265382558107376,
    0.014896050095558167,
    0.004946291446685791,
    0.9738758206367493
  ],
  "target_held_base_pos": [
    0.5923901200294495,
    -0.027657289057970047,
    0.05521557107567787
  ],
  "target_held_base_quat": [
    -0.22726485133171082,
    0.0,
    0.0,
    0.9738330245018005
  ]
}