{
  "step": 62,
  "held_base_pos": [
    0.5928401350975037,
    -0.028018387034535408,
    0.08049548417329788
  ],
  "held_base_quat": [
    -0.22291266918182373,
    0.015560150146484375,
    0.004726529121398926,
    0.974702775478363
  ],
  "target_held_base_pos": [
    0.5923901200294495,
    -0.027657289057970047,
    0.05521557107567787
  ],
  "target_held_base_quat": [
    -0.22726485133171082,
    0.0,
    0.0,
    0.9738330245018005
  ]
}