{
  "step": 32,
  "held_base_pos": [
    0.5920665860176086,
    -0.0368683896958828,
    0.08038705587387085
  ],
  "held_base_quat": [
    -0.2180509716272354,
    0.011860683560371399,
    0.0038844943046569824,
    0.9758576154708862
  ],
  "target_held_base_pos": [
    0.5923901200294495,
    -0.027657289057970047,
    0.05521557107567787
  ],
  "target_held_base_quat": [
    -0.22726485133171082,
    0.0,
    0.0,
    0.9738330245018005
  ]
}