{
  "step": 137,
  "held_base_pos": [
    0.5923693180084229,
    -0.027642881497740746,
    0.07904964685440063
  ],
  "held_base_quat": [
    -0.23110002279281616,
    0.015572741627693176,
    0.004938840866088867,
    0.9727928638458252
  ],
  "target_held_base_pos": [
    0.5923901200294495,
    -0.027657289057970047,
    0.05521557107567787
  ],
  "target_held_base_quat": [
    -0.22726485133171082,
    0.0,
    0.0,
    0.9738330245018005
  ]
}