{
  "step": 27,
  "held_base_pos": [
    0.5935240387916565,
    -0.03909676522016525,
    0.08040035516023636
  ],
  "held_base_quat": [
    -0.18609070777893066,
    0.012233197689056396,
    0.0028349459171295166,
    0.9824522733688354
  ],
  "target_held_base_pos": [
    0.5923901200294495,
    -0.027657289057970047,
    0.05521557107567787
  ],
  "target_held_base_quat": [
    -0.22726485133171082,
    0.0,
    0.0,
    0.9738330245018005
  ]
}