{
  "step": 47,
  "held_base_pos": [
    0.5926070809364319,
    -0.028753560036420822,
    0.0804285779595375
  ],
  "held_base_quat": [
    -0.23591457307338715,
    0.015614420175552368,
    0.00602489709854126,
    0.9716296195983887
  ],
  "target_held_base_pos": [
    0.5923901200294495,
    -0.027657289057970047,
    0.05521557107567787
  ],
  "target_held_base_quat": [
    -0.22726485133171082,
    0.0,
    0.0,
    0.9738330245018005
  ]
}