{
  "step": 112,
  "held_base_pos": [
    0.5916630029678345,
    -0.027952689677476883,
    0.0802571177482605
  ],
  "held_base_quat": [
    -0.2277764230966568,
    0.01553557813167572,
    0.004901483654975891,
    0.9735771417617798
  ],
  "target_held_base_pos": [
    0.5923901200294495,
    -0.027657289057970047,
    0.05521557107567787
  ],
  "target_held_base_quat": [
    -0.22726485133171082,
    0.0,
    0.0,
    0.9738330245018005
  ]
}