{
  "step": 57,
  "held_base_pos": [
    0.5931558609008789,
    -0.028784342110157013,
    0.08048664033412933
  ],
  "held_base_quat": [
    -0.22246624529361725,
    0.016193270683288574,
    0.005337268114089966,
    0.9747912883758545
  ],
  "target_held_base_pos": [
    0.5923901200294495,
    -0.027657289057970047,
    0.05521557107567787
  ],
  "target_held_base_quat": [
    -0.22726485133171082,
    0.0,
    0.0,
    0.9738330245018005
  ]
}