{
  "step": 117,
  "held_base_pos": [
    0.5916802883148193,
    -0.02798149362206459,
    0.08026034384965897
  ],
  "held_base_quat": [
    -0.2260056734085083,
    0.01514078676700592,
    0.004873320460319519,
    0.9739961624145508
  ],
  "target_held_base_pos": [
    0.5923901200294495,
    -0.027657289057970047,
    0.05521557107567787
  ],
  "target_held_base_quat": [
    -0.22726485133171082,
    0.0,
    0.0,
    0.9738330245018005
  ]
}