{
  "step": 2,
  "held_base_pos": [
    0.5758855938911438,
    -0.035816989839076996,
    0.08943845331668854
  ],
  "held_base_quat": [
    -0.0137107502669096,
    -0.00028419122099876404,
    0.0024684127420186996,
    0.9999030232429504
  ],
  "target_held_base_pos": [
    0.5923901200294495,
    -0.027657289057970047,
    0.05521557107567787
  ],
  "target_held_base_quat": [
    -0.22726485133171082,
    0.0,
    0.0,
    0.9738330245018005
  ]
}