{
  "step": 37,
  "held_base_pos": [
    0.5911575555801392,
    -0.03410292789340019,
    0.08038545399904251
  ],
  "held_base_quat": [
    -0.23764951527118683,
    0.01195254921913147,
    0.004629313945770264,
    0.9712663888931274
  ],
  "target_held_base_pos": [
    0.5923901200294495,
    -0.027657289057970047,
    0.05521557107567787
  ],
  "target_held_base_quat": [
    -0.22726485133171082,
    0.0,
    0.0,
    0.9738330245018005
  ]
}