{
  "step": 42,
  "held_base_pos": [
    0.5912296772003174,
    -0.03323681280016899,
    0.08036742359399796
  ],
  "held_base_quat": [
    -0.2360696941614151,
    0.012125134468078613,
    0.006349682807922363,
    0.9716397523880005
  ],
  "target_held_base_pos": [
    0.5923901200294495,
    -0.027657289057970047,
    0.05521557107567787
  ],
  "target_held_base_quat": [
    -0.22726485133171082,
    0.0,
    0.0,
    0.9738330245018005
  ]
}