{
  "step": 22,
  "held_base_pos": [
    0.5944977402687073,
    -0.035296447575092316,
    0.08049778640270233
  ],
  "held_base_quat": [
    -0.1504085212945938,
    0.013491004705429077,
    0.002535805106163025,
    0.9885286688804626
  ],
  "target_held_base_pos": [
    0.5923901200294495,
    -0.027657289057970047,
    0.05521557107567787
  ],
  "target_held_base_quat": [
    -0.22726485133171082,
    0.0,
    0.0,
    0.9738330245018005
  ]
}