{
  "step": 87,
  "held_base_pos": [
    0.5919401049613953,
    -0.02785392291843891,
    0.08025716245174408
  ],
  "held_base_quat": [
    -0.22753556072711945,
    0.014818981289863586,
    0.004753708839416504,
    0.9736453890800476
  ],
  "target_held_base_pos": [
    0.5923901200294495,
    -0.027657289057970047,
    0.05521557107567787
  ],
  "target_held_base_quat": [
    -0.22726485133171082,
    0.0,
    0.0,
    0.9738330245018005
  ]
}