{
  "step": 82,
  "held_base_pos": [
    0.5929425358772278,
    -0.027235615998506546,
    0.08046610653400421
  ],
  "held_base_quat": [
    -0.22689887881278992,
    0.014511287212371826,
    0.005203038454055786,
    0.9737962484359741
  ],
  "target_held_base_pos": [
    0.5923901200294495,
    -0.027657289057970047,
    0.05521557107567787
  ],
  "target_held_base_quat": [
    -0.22726485133171082,
    0.0,
    0.0,
    0.9738330245018005
  ]
}