{
  "step": 102,
  "held_base_pos": [
    0.589871346950531,
    -0.02875036746263504,
    0.08031992614269257
  ],
  "held_base_quat": [
    -0.22206777334213257,
    0.014813065528869629,
    0.004783809185028076,
    0.9749069809913635
  ],
  "target_held_base_pos": [
    0.5923901200294495,
    -0.027657289057970047,
    0.05521557107567787
  ],
  "target_held_base_quat": [
    -0.22726485133171082,
    0.0,
    0.0,
    0.9738330245018005
  ]
}