{
  "step": 67,
  "held_base_pos": [
    0.593574583530426,
    -0.027319183573126793,
    0.08046126365661621
  ],
  "held_base_quat": [
    -0.2258184403181076,
    0.015458077192306519,
    0.004536718130111694,
    0.9740362167358398
  ],
  "target_held_base_pos": [
    0.5923901200294495,
    -0.027657289057970047,
    0.05521557107567787
  ],
  "target_held_base_quat": [
    -0.22726485133171082,
    0.0,
    0.0,
    0.9738330245018005
  ]
}