{
  "step": 72,
  "held_base_pos": [
    0.5933148264884949,
    -0.027415670454502106,
    0.08047156780958176
  ],
  "held_base_quat": [
    -0.223169207572937,
    0.0149993896484375,
    0.004858225584030151,
    0.9746522903442383
  ],
  "target_held_base_pos": [
    0.5923901200294495,
    -0.027657289057970047,
    0.05521557107567787
  ],
  "target_held_base_quat": [
    -0.22726485133171082,
    0.0,
    0.0,
    0.9738330245018005
  ]
}