{
  "step": 132,
  "held_base_pos": [
    0.5923848748207092,
    -0.0276473555713892,
    0.07955291867256165
  ],
  "held_base_quat": [
    -0.2203703671693802,
    0.01648697257041931,
    0.00468781590461731,
    0.9752657413482666
  ],
  "target_held_base_pos": [
    0.5923901200294495,
    -0.027657289057970047,
    0.05521557107567787
  ],
  "target_held_base_quat": [
    -0.22726485133171082,
    0.0,
    0.0,
    0.9738330245018005
  ]
}