{
  "step": 76,
  "held_base_pos": [
    0.6388693451881409,
    -0.04305756092071533,
    0.08989882469177246
  ],
  "held_base_quat": [
    -0.17877337336540222,
    0.001726388931274414,
    0.0010675489902496338,
    0.9838882684707642
  ],
  "target_held_base_pos": [
    0.6389077305793762,
    -0.043075501918792725,
    0.06593523919582367
  ],
  "target_held_base_quat": [
    -0.17676261067390442,
    -1.4901161193847656e-08,
    1.4901161193847656e-08,
    0.9842535257339478
  ]
}