{
  "step": 51,
  "held_base_pos": [
    0.6325803995132446,
    -0.04614033177495003,
    0.09095674008131027
  ],
  "held_base_quat": [
    -0.19558660686016083,
    0.0013973712921142578,
    -0.00024378299713134766,
    0.9806854724884033
  ],
  "target_held_base_pos": [
    0.6389077305793762,
    -0.043075501918792725,
    0.06593523919582367
  ],
  "target_held_base_quat": [
    -0.17676261067390442,
    -1.4901161193847656e-08,
    1.4901161193847656e-08,
    0.9842535257339478
  ]
}