{
  "step": 136,
  "held_base_pos": [
    0.6389091610908508,
    -0.043087609112262726,
    0.06599149107933044
  ],
  "held_base_quat": [
    -0.1789226084947586,
    0.0006499737501144409,
    0.000812232494354248,
    0.9838625192642212
  ],
  "target_held_base_pos": [
    0.6389077305793762,
    -0.043075501918792725,
    0.06593523919582367
  ],
  "target_held_base_quat": [
    -0.17676261067390442,
    -1.4901161193847656e-08,
    1.4901161193847656e-08,
    0.9842535257339478
  ]
}