{
  "step": 66,
  "held_base_pos": [
    0.6370478868484497,
    -0.04413054510951042,
    0.09095167368650436
  ],
  "held_base_quat": [
    -0.17496617138385773,
    0.0016159415245056152,
    0.001448705792427063,
    0.9845721125602722
  ],
  "target_held_base_pos": [
    0.6389077305793762,
    -0.043075501918792725,
    0.06593523919582367
  ],
  "target_held_base_quat": [
    -0.17676261067390442,
    -1.4901161193847656e-08,
    1.4901161193847656e-08,
    0.9842535257339478
  ]
}