{
  "step": 61,
  "held_base_pos": [
    0.6371064782142639,
    -0.044566862285137177,
    0.09095318615436554
  ],
  "held_base_quat": [
    -0.1720220148563385,
    0.0020893365144729614,
    0.0010661780834197998,
    0.9850903749465942
  ],
  "target_held_base_pos": [
    0.6389077305793762,
    -0.043075501918792725,
    0.06593523919582367
  ],
  "target_held_base_quat": [
    -0.17676261067390442,
    -1.4901161193847656e-08,
    1.4901161193847656e-08,
    0.9842535257339478
  ]
}