{
  "step": 111,
  "held_base_pos": [
    0.6388974189758301,
    -0.04305931553244591,
    0.06598621606826782
  ],
  "held_base_quat": [
    -0.17734292149543762,
    0.0010338574647903442,
    -0.0007205456495285034,
    0.9841482639312744
  ],
  "target_held_base_pos": [
    0.6389077305793762,
    -0.043075501918792725,
    0.06593523919582367
  ],
  "target_held_base_quat": [
    -0.17676261067390442,
    -1.4901161193847656e-08,
    1.4901161193847656e-08,
    0.9842535257339478
  ]
}