{
  "step": 141,
  "held_base_pos": [
    0.6389003396034241,
    -0.04307921975851059,
    0.06598041951656342
  ],
  "held_base_quat": [
    -0.17850707471370697,
    0.0007825195789337158,
    0.000364452600479126,
    0.9839383363723755
  ],
  "target_held_base_pos": [
    0.6389077305793762,
    -0.043075501918792725,
    0.06593523919582367
  ],
  "target_held_base_quat": [
    -0.17676261067390442,
    -1.4901161193847656e-08,
    1.4901161193847656e-08,
    0.9842535257339478
  ]
}