{
  "step": 6,
  "held_base_pos": [
    0.6269252300262451,
    -0.03575340658426285,
    0.11088494956493378
  ],
  "held_base_quat": [
    0.024357028305530548,
    -0.0007089581340551376,
    0.0003029853105545044,
    0.9997031092643738
  ],
  "target_held_base_pos": [
    0.6389077305793762,
    -0.043075501918792725,
    0.06593523919582367
  ],
  "target_held_base_quat": [
    -0.17676261067390442,
    -1.4901161193847656e-08,
    1.4901161193847656e-08,
    0.9842535257339478
  ]
}