{
  "step": 41,
  "held_base_pos": [
    0.6309090852737427,
    -0.04637157917022705,
    0.09095576405525208
  ],
  "held_base_quat": [
    -0.1939241737127304,
    -0.00030118227005004883,
    -0.0015075355768203735,
    0.9810153841972351
  ],
  "target_held_base_pos": [
    0.6389077305793762,
    -0.043075501918792725,
    0.06593523919582367
  ],
  "target_held_base_quat": [
    -0.17676261067390442,
    -1.4901161193847656e-08,
    1.4901161193847656e-08,
    0.9842535257339478
  ]
}