{
  "step": 91,
  "held_base_pos": [
    0.6388870477676392,
    -0.04304780438542366,
    0.0659862831234932
  ],
  "held_base_quat": [
    -0.17577631771564484,
    0.0011801868677139282,
    -0.0006652176380157471,
    0.984429121017456
  ],
  "target_held_base_pos": [
    0.6389077305793762,
    -0.043075501918792725,
    0.06593523919582367
  ],
  "target_held_base_quat": [
    -0.17676261067390442,
    -1.4901161193847656e-08,
    1.4901161193847656e-08,
    0.9842535257339478
  ]
}