{
  "step": 31,
  "held_base_pos": [
    0.6312355995178223,
    -0.04931854084134102,
    0.09094563871622086
  ],
  "held_base_quat": [
    -0.14115187525749207,
    -0.00013113021850585938,
    -0.00023570656776428223,
    0.9899879693984985
  ],
  "target_held_base_pos": [
    0.6389077305793762,
    -0.043075501918792725,
    0.06593523919582367
  ],
  "target_held_base_quat": [
    -0.17676261067390442,
    -1.4901161193847656e-08,
    1.4901161193847656e-08,
    0.9842535257339478
  ]
}