{
  "step": 81,
  "held_base_pos": [
    0.638903796672821,
    -0.043078720569610596,
    0.08204708248376846
  ],
  "held_base_quat": [
    -0.18026740849018097,
    0.0010828673839569092,
    0.0009673088788986206,
    0.9836165308952332
  ],
  "target_held_base_pos": [
    0.6389077305793762,
    -0.043075501918792725,
    0.06593523919582367
  ],
  "target_held_base_quat": [
    -0.17676261067390442,
    -1.4901161193847656e-08,
    1.4901161193847656e-08,
    0.9842535257339478
  ]
}