{
  "step": 36,
  "held_base_pos": [
    0.6313105225563049,
    -0.04968889802694321,
    0.09095253050327301
  ],
  "held_base_quat": [
    -0.17788490653038025,
    -0.0003066062927246094,
    0.0010421574115753174,
    0.9840506315231323
  ],
  "target_held_base_pos": [
    0.6389077305793762,
    -0.043075501918792725,
    0.06593523919582367
  ],
  "target_held_base_quat": [
    -0.17676261067390442,
    -1.4901161193847656e-08,
    1.4901161193847656e-08,
    0.9842535257339478
  ]
}