{
  "step": 126,
  "held_base_pos": [
    0.6388989686965942,
    -0.043091267347335815,
    0.06597854197025299
  ],
  "held_base_quat": [
    -0.17915849387645721,
    0.0009167492389678955,
    3.503262996673584e-05,
    0.9838197827339172
  ],
  "target_held_base_pos": [
    0.6389077305793762,
    -0.043075501918792725,
    0.06593523919582367
  ],
  "target_held_base_quat": [
    -0.17676261067390442,
    -1.4901161193847656e-08,
    1.4901161193847656e-08,
    0.9842535257339478
  ]
}