{
  "step": 1,
  "held_base_pos": [
    0.5955955982208252,
    0.03600652143359184,
    0.046361975371837616
  ],
  "held_base_quat": [
    -0.006232921499758959,
    -0.0004211640916764736,
    0.0018070670776069164,
    0.9999788999557495
  ],
  "target_held_base_pos": [
    0.6034698486328125,
    0.04796449467539787,
    0.015693090856075287
  ],
  "target_held_base_quat": [
    -0.17270679771900177,
    1.4901161193847656e-08,
    -1.4901161193847656e-08,
    0.9849733114242554
  ]
}