{
  "step": 86,
  "held_base_pos": [
    0.6388790011405945,
    -0.043081168085336685,
    0.06772445142269135
  ],
  "held_base_quat": [
    -0.1784452199935913,
    0.0008737891912460327,
    0.000679701566696167,
    0.9839491844177246
  ],
  "target_held_base_pos": [
    0.6389077305793762,
    -0.043075501918792725,
    0.06593523919582367
  ],
  "target_held_base_quat": [
    -0.17676261067390442,
    -1.4901161193847656e-08,
    1.4901161193847656e-08,
    0.9842535257339478
  ]
}