{
  "step": 11,
  "held_base_pos": [
    0.6285884976387024,
    -0.044629864394664764,
    0.10560794174671173
  ],
  "held_base_quat": [
    0.0041637057438492775,
    -0.00035619037225842476,
    -0.00011917715892195702,
    0.9999911785125732
  ],
  "target_held_base_pos": [
    0.6389077305793762,
    -0.043075501918792725,
    0.06593523919582367
  ],
  "target_held_base_quat": [
    -0.17676261067390442,
    -1.4901161193847656e-08,
    1.4901161193847656e-08,
    0.9842535257339478
  ]
}