{
  "step": 146,
  "held_base_pos": [
    0.6388946771621704,
    -0.0430668406188488,
    0.06599380075931549
  ],
  "held_base_quat": [
    -0.18139833211898804,
    0.0009595602750778198,
    -0.00034256279468536377,
    0.9834092259407043
  ],
  "target_held_base_pos": [
    0.6389077305793762,
    -0.043075501918792725,
    0.06593523919582367
  ],
  "target_held_base_quat": [
    -0.17676261067390442,
    -1.4901161193847656e-08,
    1.4901161193847656e-08,
    0.9842535257339478
  ]
}