{
  "step": 106,
  "held_base_pos": [
    0.6388981938362122,
    -0.04307065159082413,
    0.06597235053777695
  ],
  "held_base_quat": [
    -0.1772753745317459,
    0.0005909949541091919,
    0.00013017654418945312,
    0.9841610789299011
  ],
  "target_held_base_pos": [
    0.6389077305793762,
    -0.043075501918792725,
    0.06593523919582367
  ],
  "target_held_base_quat": [
    -0.17676261067390442,
    -1.4901161193847656e-08,
    1.4901161193847656e-08,
    0.9842535257339478
  ]
}