{
  "step": 46,
  "held_base_pos": [
    0.6325554847717285,
    -0.04615519568324089,
    0.0909680724143982
  ],
  "held_base_quat": [
    -0.19250525534152985,
    0.0018855780363082886,
    -0.000173911452293396,
    0.9812942147254944
  ],
  "target_held_base_pos": [
    0.6389077305793762,
    -0.043075501918792725,
    0.06593523919582367
  ],
  "target_held_base_quat": [
    -0.17676261067390442,
    -1.4901161193847656e-08,
    1.4901161193847656e-08,
    0.9842535257339478
  ]
}