{
  "step": 26,
  "held_base_pos": [
    0.6298397183418274,
    -0.04905509948730469,
    0.09098166227340698
  ],
  "held_base_quat": [
    -0.10603020340204239,
    -0.0008858814835548401,
    6.831437349319458e-05,
    0.994362473487854
  ],
  "target_held_base_pos": [
    0.6389077305793762,
    -0.043075501918792725,
    0.06593523919582367
  ],
  "target_held_base_quat": [
    -0.17676261067390442,
    -1.4901161193847656e-08,
    1.4901161193847656e-08,
    0.9842535257339478
  ]
}