{
  "step": 131,
  "held_base_pos": [
    0.6388970017433167,
    -0.04308932647109032,
    0.06598082929849625
  ],
  "held_base_quat": [
    -0.17936381697654724,
    0.000804901123046875,
    0.0002506673336029053,
    0.9837824106216431
  ],
  "target_held_base_pos": [
    0.6389077305793762,
    -0.043075501918792725,
    0.06593523919582367
  ],
  "target_held_base_quat": [
    -0.17676261067390442,
    -1.4901161193847656e-08,
    1.4901161193847656e-08,
    0.9842535257339478
  ]
}