{
  "step": 71,
  "held_base_pos": [
    0.638115406036377,
    -0.043498992919921875,
    0.09094064682722092
  ],
  "held_base_quat": [
    -0.17212462425231934,
    0.00013002753257751465,
    0.0007133930921554565,
    0.9850748777389526
  ],
  "target_held_base_pos": [
    0.6389077305793762,
    -0.043075501918792725,
    0.06593523919582367
  ],
  "target_held_base_quat": [
    -0.17676261067390442,
    -1.4901161193847656e-08,
    1.4901161193847656e-08,
    0.9842535257339478
  ]
}