{
  "step": 121,
  "held_base_pos": [
    0.6389030814170837,
    -0.04308285564184189,
    0.06597895920276642
  ],
  "held_base_quat": [
    -0.17808207869529724,
    0.000979498028755188,
    -1.582503318786621e-05,
    0.9840152263641357
  ],
  "target_held_base_pos": [
    0.6389077305793762,
    -0.043075501918792725,
    0.06593523919582367
  ],
  "target_held_base_quat": [
    -0.17676261067390442,
    -1.4901161193847656e-08,
    1.4901161193847656e-08,
    0.9842535257339478
  ]
}