{
  "step": 56,
  "held_base_pos": [
    0.6335054636001587,
    -0.045524660497903824,
    0.0910072848200798
  ],
  "held_base_quat": [
    -0.18172651529312134,
    0.0009041130542755127,
    -0.0003125220537185669,
    0.9833486676216125
  ],
  "target_held_base_pos": [
    0.6389077305793762,
    -0.043075501918792725,
    0.06593523919582367
  ],
  "target_held_base_quat": [
    -0.17676261067390442,
    -1.4901161193847656e-08,
    1.4901161193847656e-08,
    0.9842535257339478
  ]
}