{
  "step": 21,
  "held_base_pos": [
    0.6289281249046326,
    -0.04889046028256416,
    0.090937539935112
  ],
  "held_base_quat": [
    -0.06620460003614426,
    -0.0005769357085227966,
    -0.00011197477579116821,
    0.9978058934211731
  ],
  "target_held_base_pos": [
    0.6389077305793762,
    -0.043075501918792725,
    0.06593523919582367
  ],
  "target_held_base_quat": [
    -0.17676261067390442,
    -1.4901161193847656e-08,
    1.4901161193847656e-08,
    0.9842535257339478
  ]
}