{
  "step": 116,
  "held_base_pos": [
    0.638896644115448,
    -0.04306963458657265,
    0.06598079204559326
  ],
  "held_base_quat": [
    -0.1768770068883896,
    0.0012378990650177002,
    5.939602851867676e-05,
    0.9842320680618286
  ],
  "target_held_base_pos": [
    0.6389077305793762,
    -0.043075501918792725,
    0.06593523919582367
  ],
  "target_held_base_quat": [
    -0.17676261067390442,
    -1.4901161193847656e-08,
    1.4901161193847656e-08,
    0.9842535257339478
  ]
}