{
  "step": 101,
  "held_base_pos": [
    0.6388777494430542,
    -0.043021660298109055,
    0.06598562747240067
  ],
  "held_base_quat": [
    -0.17479342222213745,
    0.0012308061122894287,
    -0.0011909455060958862,
    0.9846036434173584
  ],
  "target_held_base_pos": [
    0.6389077305793762,
    -0.043075501918792725,
    0.06593523919582367
  ],
  "target_held_base_quat": [
    -0.17676261067390442,
    -1.4901161193847656e-08,
    1.4901161193847656e-08,
    0.9842535257339478
  ]
}