{
  "step": 16,
  "held_base_pos": [
    0.6297222375869751,
    -0.047762393951416016,
    0.09396086633205414
  ],
  "held_base_quat": [
    -0.03114401362836361,
    0.0001306924968957901,
    -4.001706838607788e-05,
    0.9995148777961731
  ],
  "target_held_base_pos": [
    0.6389077305793762,
    -0.043075501918792725,
    0.06593523919582367
  ],
  "target_held_base_quat": [
    -0.17676261067390442,
    -1.4901161193847656e-08,
    1.4901161193847656e-08,
    0.9842535257339478
  ]
}