{
  "step": 96,
  "held_base_pos": [
    0.6388906836509705,
    -0.04303527995944023,
    0.06599003821611404
  ],
  "held_base_quat": [
    -0.17447549104690552,
    0.0012433379888534546,
    -0.0010901987552642822,
    0.9846600294113159
  ],
  "target_held_base_pos": [
    0.6389077305793762,
    -0.043075501918792725,
    0.06593523919582367
  ],
  "target_held_base_quat": [
    -0.17676261067390442,
    -1.4901161193847656e-08,
    1.4901161193847656e-08,
    0.9842535257339478
  ]
}