{
  "step": 70,
  "held_base_pos": [
    0.5906264185905457,
    0.025059774518013,
    0.10093928873538971
  ],
  "held_base_quat": [
    -0.0922551155090332,
    -0.0014994367957115173,
    -0.00044999271631240845,
    0.9957341551780701
  ],
  "target_held_base_pos": [
    0.5920459032058716,
    0.025176281109452248,
    0.07591669261455536
  ],
  "target_held_base_quat": [
    -0.09161712974309921,
    -7.450580596923828e-09,
    7.450580596923828e-09,
    0.9957943558692932
  ]
}