{
  "step": 85,
  "held_base_pos": [
    0.5917980670928955,
    0.026000063866376877,
    0.10092894732952118
  ],
  "held_base_quat": [
    -0.09652528166770935,
    -0.0016143321990966797,
    -0.0009091868996620178,
    0.9953287839889526
  ],
  "target_held_base_pos": [
    0.5920459032058716,
    0.025176281109452248,
    0.07591669261455536
  ],
  "target_held_base_quat": [
    -0.09161712974309921,
    -7.450580596923828e-09,
    7.450580596923828e-09,
    0.9957943558692932
  ]
}