{
  "step": 45,
  "held_base_pos": [
    0.588628351688385,
    0.024141594767570496,
    0.10093768686056137
  ],
  "held_base_quat": [
    -0.09070206433534622,
    -0.0015378668904304504,
    -0.0006808117032051086,
    0.995876669883728
  ],
  "target_held_base_pos": [
    0.5920459032058716,
    0.025176281109452248,
    0.07591669261455536
  ],
  "target_held_base_quat": [
    -0.09161712974309921,
    -7.450580596923828e-09,
    7.450580596923828e-09,
    0.9957943558692932
  ]
}