{
  "step": 110,
  "held_base_pos": [
    0.5912424325942993,
    0.024315597489476204,
    0.10098587721586227
  ],
  "held_base_quat": [
    -0.09037654101848602,
    -0.0020964890718460083,
    0.0001582130789756775,
    0.9959054589271545
  ],
  "target_held_base_pos": [
    0.5920459032058716,
    0.025176281109452248,
    0.07591669261455536
  ],
  "target_held_base_quat": [
    -0.09161712974309921,
    -7.450580596923828e-09,
    7.450580596923828e-09,
    0.9957943558692932
  ]
}