{
  "step": 25,
  "held_base_pos": [
    0.5864367485046387,
    0.02241038717329502,
    0.10094155371189117
  ],
  "held_base_quat": [
    -0.08298463374376297,
    -0.0017637312412261963,
    -0.00015615671873092651,
    0.9965493083000183
  ],
  "target_held_base_pos": [
    0.5920459032058716,
    0.025176281109452248,
    0.07591669261455536
  ],
  "target_held_base_quat": [
    -0.09161712974309921,
    -7.450580596923828e-09,
    7.450580596923828e-09,
    0.9957943558692932
  ]
}