{
  "step": 10,
  "held_base_pos": [
    0.5905516743659973,
    0.018984485417604446,
    0.10113795101642609
  ],
  "held_base_quat": [
    -0.0026305061765015125,
    -0.0027765794657170773,
    0.0006263917312026024,
    0.9999925494194031
  ],
  "target_held_base_pos": [
    0.5920459032058716,
    0.025176281109452248,
    0.07591669261455536
  ],
  "target_held_base_quat": [
    -0.09161712974309921,
    -7.450580596923828e-09,
    7.450580596923828e-09,
    0.9957943558692932
  ]
}