{
  "step": 50,
  "held_base_pos": [
    0.5890417098999023,
    0.0243391040712595,
    0.10094143450260162
  ],
  "held_base_quat": [
    -0.09652687609195709,
    -0.0014886856079101562,
    -0.0001630932092666626,
    0.9953292012214661
  ],
  "target_held_base_pos": [
    0.5920459032058716,
    0.025176281109452248,
    0.07591669261455536
  ],
  "target_held_base_quat": [
    -0.09161712974309921,
    -7.450580596923828e-09,
    7.450580596923828e-09,
    0.9957943558692932
  ]
}