{
  "step": 75,
  "held_base_pos": [
    0.5910817384719849,
    0.025623418390750885,
    0.1009332686662674
  ],
  "held_base_quat": [
    -0.09491045773029327,
    -0.0013260245323181152,
    -0.0001535564661026001,
    0.9954850077629089
  ],
  "target_held_base_pos": [
    0.5920459032058716,
    0.025176281109452248,
    0.07591669261455536
  ],
  "target_held_base_quat": [
    -0.09161712974309921,
    -7.450580596923828e-09,
    7.450580596923828e-09,
    0.9957943558692932
  ]
}