{
  "step": 65,
  "held_base_pos": [
    0.590295672416687,
    0.024937380105257034,
    0.10093743354082108
  ],
  "held_base_quat": [
    -0.09546393156051636,
    -0.0014896765351295471,
    8.227676153182983e-05,
    0.9954318404197693
  ],
  "target_held_base_pos": [
    0.5920459032058716,
    0.025176281109452248,
    0.07591669261455536
  ],
  "target_held_base_quat": [
    -0.09161712974309921,
    -7.450580596923828e-09,
    7.450580596923828e-09,
    0.9957943558692932
  ]
}