{
  "step": 115,
  "held_base_pos": [
    0.59234619140625,
    0.02290419489145279,
    0.10095053166151047
  ],
  "held_base_quat": [
    -0.08895695954561234,
    -0.002070896327495575,
    0.00039984285831451416,
    0.996033251285553
  ],
  "target_held_base_pos": [
    0.5920459032058716,
    0.025176281109452248,
    0.07591669261455536
  ],
  "target_held_base_quat": [
    -0.09161712974309921,
    -7.450580596923828e-09,
    7.450580596923828e-09,
    0.9957943558692932
  ]
}