{
  "step": 95,
  "held_base_pos": [
    0.5923082232475281,
    0.026146285235881805,
    0.10095375776290894
  ],
  "held_base_quat": [
    -0.09292548894882202,
    -0.0018935352563858032,
    0.000573083758354187,
    0.9956711530685425
  ],
  "target_held_base_pos": [
    0.5920459032058716,
    0.025176281109452248,
    0.07591669261455536
  ],
  "target_held_base_quat": [
    -0.09161712974309921,
    -7.450580596923828e-09,
    7.450580596923828e-09,
    0.9957943558692932
  ]
}