{
  "step": 15,
  "held_base_pos": [
    0.587184488773346,
    0.018136145547032356,
    0.10097215324640274
  ],
  "held_base_quat": [
    -0.025087354704737663,
    -0.0035474002361297607,
    0.00025332532823085785,
    0.9996788501739502
  ],
  "target_held_base_pos": [
    0.5920459032058716,
    0.025176281109452248,
    0.07591669261455536
  ],
  "target_held_base_quat": [
    -0.09161712974309921,
    -7.450580596923828e-09,
    7.450580596923828e-09,
    0.9957943558692932
  ]
}