{
  "step": 120,
  "held_base_pos": [
    0.5916340947151184,
    0.025140734389424324,
    0.10096319764852524
  ],
  "held_base_quat": [
    -0.09603042155504227,
    -0.002545669674873352,
    0.00047976523637771606,
    0.9953750371932983
  ],
  "target_held_base_pos": [
    0.5920459032058716,
    0.025176281109452248,
    0.07591669261455536
  ],
  "target_held_base_quat": [
    -0.09161712974309921,
    -7.450580596923828e-09,
    7.450580596923828e-09,
    0.9957943558692932
  ]
}