{
  "step": 35,
  "held_base_pos": [
    0.5875214338302612,
    0.02283305488526821,
    0.10094030946493149
  ],
  "held_base_quat": [
    -0.09330473840236664,
    -0.0015978515148162842,
    -0.0005759596824645996,
    0.9956361055374146
  ],
  "target_held_base_pos": [
    0.5920459032058716,
    0.025176281109452248,
    0.07591669261455536
  ],
  "target_held_base_quat": [
    -0.09161712974309921,
    -7.450580596923828e-09,
    7.450580596923828e-09,
    0.9957943558692932
  ]
}