{
  "step": 135,
  "held_base_pos": [
    0.5902522206306458,
    0.02484949119389057,
    0.10095343738794327
  ],
  "held_base_quat": [
    -0.0930427610874176,
    -0.001960471272468567,
    0.0006917417049407959,
    0.9956598281860352
  ],
  "target_held_base_pos": [
    0.5920459032058716,
    0.025176281109452248,
    0.07591669261455536
  ],
  "target_held_base_quat": [
    -0.09161712974309921,
    -7.450580596923828e-09,
    7.450580596923828e-09,
    0.9957943558692932
  ]
}