{
  "step": 100,
  "held_base_pos": [
    0.592363178730011,
    0.026211202144622803,
    0.10093743354082108
  ],
  "held_base_quat": [
    -0.0946623831987381,
    -0.0017879456281661987,
    -0.0002597719430923462,
    0.9955077767372131
  ],
  "target_held_base_pos": [
    0.5920459032058716,
    0.025176281109452248,
    0.07591669261455536
  ],
  "target_held_base_quat": [
    -0.09161712974309921,
    -7.450580596923828e-09,
    7.450580596923828e-09,
    0.9957943558692932
  ]
}