{
  "step": 90,
  "held_base_pos": [
    0.5920981168746948,
    0.025946300476789474,
    0.10092080384492874
  ],
  "held_base_quat": [
    -0.09345533698797226,
    -0.000917382538318634,
    -0.0007496476173400879,
    0.9956227540969849
  ],
  "target_held_base_pos": [
    0.5920459032058716,
    0.025176281109452248,
    0.07591669261455536
  ],
  "target_held_base_quat": [
    -0.09161712974309921,
    -7.450580596923828e-09,
    7.450580596923828e-09,
    0.9957943558692932
  ]
}