{
  "step": 30,
  "held_base_pos": [
    0.5857386589050293,
    0.022167153656482697,
    0.10092656314373016
  ],
  "held_base_quat": [
    -0.09751637279987335,
    -0.0017860382795333862,
    -0.0006849989295005798,
    0.995232105255127
  ],
  "target_held_base_pos": [
    0.5920459032058716,
    0.025176281109452248,
    0.07591669261455536
  ],
  "target_held_base_quat": [
    -0.09161712974309921,
    -7.450580596923828e-09,
    7.450580596923828e-09,
    0.9957943558692932
  ]
}