{
  "step": 130,
  "held_base_pos": [
    0.5913591384887695,
    0.024226801469922066,
    0.10095249861478806
  ],
  "held_base_quat": [
    -0.08563262224197388,
    -0.001797318458557129,
    0.00044224411249160767,
    0.9963250160217285
  ],
  "target_held_base_pos": [
    0.5920459032058716,
    0.025176281109452248,
    0.07591669261455536
  ],
  "target_held_base_quat": [
    -0.09161712974309921,
    -7.450580596923828e-09,
    7.450580596923828e-09,
    0.9957943558692932
  ]
}