{
  "step": 20,
  "held_base_pos": [
    0.5878111124038696,
    0.020169490948319435,
    0.1009751707315445
  ],
  "held_base_quat": [
    -0.05079833045601845,
    -0.002627287060022354,
    0.0008583292365074158,
    0.9987050294876099
  ],
  "target_held_base_pos": [
    0.5920459032058716,
    0.025176281109452248,
    0.07591669261455536
  ],
  "target_held_base_quat": [
    -0.09161712974309921,
    -7.450580596923828e-09,
    7.450580596923828e-09,
    0.9957943558692932
  ]
}