{
  "step": 55,
  "held_base_pos": [
    0.5893054604530334,
    0.02455306611955166,
    0.1009243056178093
  ],
  "held_base_quat": [
    -0.09424393624067307,
    -0.0010556206107139587,
    -0.0005942061543464661,
    0.99554842710495
  ],
  "target_held_base_pos": [
    0.5920459032058716,
    0.025176281109452248,
    0.07591669261455536
  ],
  "target_held_base_quat": [
    -0.09161712974309921,
    -7.450580596923828e-09,
    7.450580596923828e-09,
    0.9957943558692932
  ]
}