{
  "step": 125,
  "held_base_pos": [
    0.5902508497238159,
    0.023986507207155228,
    0.10095451772212982
  ],
  "held_base_quat": [
    -0.08759371191263199,
    -0.002276688814163208,
    0.00022715330123901367,
    0.9961535930633545
  ],
  "target_held_base_pos": [
    0.5920459032058716,
    0.025176281109452248,
    0.07591669261455536
  ],
  "target_held_base_quat": [
    -0.09161712974309921,
    -7.450580596923828e-09,
    7.450580596923828e-09,
    0.9957943558692932
  ]
}