{
  "step": 145,
  "held_base_pos": [
    0.5893356800079346,
    0.02363409288227558,
    0.10095489025115967
  ],
  "held_base_quat": [
    -0.08763822168111801,
    -0.001989327371120453,
    0.0006813853979110718,
    0.9961501955986023
  ],
  "target_held_base_pos": [
    0.5920459032058716,
    0.025176281109452248,
    0.07591669261455536
  ],
  "target_held_base_quat": [
    -0.09161712974309921,
    -7.450580596923828e-09,
    7.450580596923828e-09,
    0.9957943558692932
  ]
}