{
  "step": 140,
  "held_base_pos": [
    0.5894150733947754,
    0.021825039759278297,
    0.10096076875925064
  ],
  "held_base_quat": [
    -0.08409011363983154,
    -0.002450689673423767,
    0.00029211491346359253,
    0.9964550733566284
  ],
  "target_held_base_pos": [
    0.5920459032058716,
    0.025176281109452248,
    0.07591669261455536
  ],
  "target_held_base_quat": [
    -0.09161712974309921,
    -7.450580596923828e-09,
    7.450580596923828e-09,
    0.9957943558692932
  ]
}