{
  "step": 80,
  "held_base_pos": [
    0.5915200114250183,
    0.025748545303940773,
    0.10094471275806427
  ],
  "held_base_quat": [
    -0.09397166967391968,
    -0.0015772432088851929,
    -0.0005026906728744507,
    0.9955735206604004
  ],
  "target_held_base_pos": [
    0.5920459032058716,
    0.025176281109452248,
    0.07591669261455536
  ],
  "target_held_base_quat": [
    -0.09161712974309921,
    -7.450580596923828e-09,
    7.450580596923828e-09,
    0.9957943558692932
  ]
}