{
  "step": 40,
  "held_base_pos": [
    0.5874550342559814,
    0.02394774928689003,
    0.10093928873538971
  ],
  "held_base_quat": [
    -0.09613393247127533,
    -0.0016516000032424927,
    -0.000402010977268219,
    0.9953669309616089
  ],
  "target_held_base_pos": [
    0.5920459032058716,
    0.025176281109452248,
    0.07591669261455536
  ],
  "target_held_base_quat": [
    -0.09161712974309921,
    -7.450580596923828e-09,
    7.450580596923828e-09,
    0.9957943558692932
  ]
}