{
  "step": 5,
  "held_base_pos": [
    0.6024608016014099,
    0.013009616173803806,
    0.11000610888004303
  ],
  "held_base_quat": [
    0.031224343925714493,
    0.0010242536664009094,
    -0.00038760900497436523,
    0.9995117783546448
  ],
  "target_held_base_pos": [
    0.5920459032058716,
    0.025176281109452248,
    0.07591669261455536
  ],
  "target_held_base_quat": [
    -0.09161712974309921,
    -7.450580596923828e-09,
    7.450580596923828e-09,
    0.9957943558692932
  ]
}