{
  "step": 105,
  "held_base_pos": [
    0.5925900340080261,
    0.02589905448257923,
    0.10093703120946884
  ],
  "held_base_quat": [
    -0.09359879046678543,
    -0.001737065613269806,
    1.837313175201416e-05,
    0.9956085085868835
  ],
  "target_held_base_pos": [
    0.5920459032058716,
    0.025176281109452248,
    0.07591669261455536
  ],
  "target_held_base_quat": [
    -0.09161712974309921,
    -7.450580596923828e-09,
    7.450580596923828e-09,
    0.9957943558692932
  ]
}