{
  "step": 60,
  "held_base_pos": [
    0.5902746915817261,
    0.024479981511831284,
    0.10092949867248535
  ],
  "held_base_quat": [
    -0.09344006329774857,
    -0.0013144314289093018,
    -0.0005392581224441528,
    0.9956239461898804
  ],
  "target_held_base_pos": [
    0.5920459032058716,
    0.025176281109452248,
    0.07591669261455536
  ],
  "target_held_base_quat": [
    -0.09161712974309921,
    -7.450580596923828e-09,
    7.450580596923828e-09,
    0.9957943558692932
  ]
}