{
  "step": 95,
  "held_base_pos": [
    0.5999696850776672,
    -9.587733075022697e-06,
    0.05005885288119316
  ],
  "held_base_quat": [
    -0.1560705006122589,
    0.001106157898902893,
    0.001270487904548645,
    0.9877445697784424
  ],
  "target_held_base_pos": [
    0.6000000238418579,
    1.1641532182693481e-10,
    0.04999999701976776
  ],
  "target_held_base_quat": [
    -0.1578855663537979,
    1.4901161193847656e-08,
    1.4901161193847656e-08,
    0.9874574542045593
  ]
}