{
  "step": 55,
  "held_base_pos": [
    0.5976651906967163,
    -0.0011838815407827497,
    0.07502032816410065
  ],
  "held_base_quat": [
    -0.15048262476921082,
    0.0014675557613372803,
    0.00027276575565338135,
    0.9886115789413452
  ],
  "target_held_base_pos": [
    0.6000000238418579,
    1.1641532182693481e-10,
    0.04999999701976776
  ],
  "target_held_base_quat": [
    -0.1578855663537979,
    1.4901161193847656e-08,
    1.4901161193847656e-08,
    0.9874574542045593
  ]
}