{
  "step": 10,
  "held_base_pos": [
    0.5976288914680481,
    -0.008623343892395496,
    0.07894207537174225
  ],
  "held_base_quat": [
    0.029681462794542313,
    -8.895993232727051e-05,
    0.0012136250734329224,
    0.9995586276054382
  ],
  "target_held_base_pos": [
    0.6000000238418579,
    1.1641532182693481e-10,
    0.04999999701976776
  ],
  "target_held_base_quat": [
    -0.1578855663537979,
    1.4901161193847656e-08,
    1.4901161193847656e-08,
    0.9874574542045593
  ]
}