{
  "step": 110,
  "held_base_pos": [
    0.5999650955200195,
    -9.59332101047039e-06,
    0.05005598068237305
  ],
  "held_base_quat": [
    -0.15487058460712433,
    0.0012262016534805298,
    0.0009593069553375244,
    0.9879335165023804
  ],
  "target_held_base_pos": [
    0.6000000238418579,
    1.1641532182693481e-10,
    0.04999999701976776
  ],
  "target_held_base_quat": [
    -0.1578855663537979,
    1.4901161193847656e-08,
    1.4901161193847656e-08,
    0.9874574542045593
  ]
}