{
  "step": 65,
  "held_base_pos": [
    0.5993816256523132,
    -0.00020921381656080484,
    0.07500499486923218
  ],
  "held_base_quat": [
    -0.15456989407539368,
    0.0015744417905807495,
    0.0005935728549957275,
    0.9879804849624634
  ],
  "target_held_base_pos": [
    0.6000000238418579,
    1.1641532182693481e-10,
    0.04999999701976776
  ],
  "target_held_base_quat": [
    -0.1578855663537979,
    1.4901161193847656e-08,
    1.4901161193847656e-08,
    0.9874574542045593
  ]
}