{
  "step": 70,
  "held_base_pos": [
    0.5996003150939941,
    -5.7857134379446507e-05,
    0.07505291700363159
  ],
  "held_base_quat": [
    -0.15807420015335083,
    0.0015924423933029175,
    3.013014793395996e-05,
    0.9874259233474731
  ],
  "target_held_base_pos": [
    0.6000000238418579,
    1.1641532182693481e-10,
    0.04999999701976776
  ],
  "target_held_base_quat": [
    -0.1578855663537979,
    1.4901161193847656e-08,
    1.4901161193847656e-08,
    0.9874574542045593
  ]
}