{
  "step": 5,
  "held_base_pos": [
    0.6015461087226868,
    -0.01371231023222208,
    0.08498996496200562
  ],
  "held_base_quat": [
    0.06507249176502228,
    -8.779764175415039e-05,
    0.001014314591884613,
    0.9978799819946289
  ],
  "target_held_base_pos": [
    0.6000000238418579,
    1.1641532182693481e-10,
    0.04999999701976776
  ],
  "target_held_base_quat": [
    -0.1578855663537979,
    1.4901161193847656e-08,
    1.4901161193847656e-08,
    0.9874574542045593
  ]
}