{
  "step": 90,
  "held_base_pos": [
    0.5999778509140015,
    1.078704372048378e-05,
    0.05005642771720886
  ],
  "held_base_quat": [
    -0.15745064616203308,
    0.0014463216066360474,
    -0.0006280094385147095,
    0.9875255823135376
  ],
  "target_held_base_pos": [
    0.6000000238418579,
    1.1641532182693481e-10,
    0.04999999701976776
  ],
  "target_held_base_quat": [
    -0.1578855663537979,
    1.4901161193847656e-08,
    1.4901161193847656e-08,
    0.9874574542045593
  ]
}