{
  "step": 100,
  "held_base_pos": [
    0.5999747514724731,
    -2.5840243324637413e-05,
    0.0500643365085125
  ],
  "held_base_quat": [
    -0.15573111176490784,
    0.0011161565780639648,
    0.0016933083534240723,
    0.9877973794937134
  ],
  "target_held_base_pos": [
    0.6000000238418579,
    1.1641532182693481e-10,
    0.04999999701976776
  ],
  "target_held_base_quat": [
    -0.1578855663537979,
    1.4901161193847656e-08,
    1.4901161193847656e-08,
    0.9874574542045593
  ]
}