{
  "step": 40,
  "held_base_pos": [
    0.5961217284202576,
    -0.002150814514607191,
    0.07500685006380081
  ],
  "held_base_quat": [
    -0.12953931093215942,
    0.0006669461727142334,
    0.0005786716938018799,
    0.9915740489959717
  ],
  "target_held_base_pos": [
    0.6000000238418579,
    1.1641532182693481e-10,
    0.04999999701976776
  ],
  "target_held_base_quat": [
    -0.1578855663537979,
    1.4901161193847656e-08,
    1.4901161193847656e-08,
    0.9874574542045593
  ]
}