{
  "step": 35,
  "held_base_pos": [
    0.5960091948509216,
    -0.002707809442654252,
    0.07500661909580231
  ],
  "held_base_quat": [
    -0.12190809100866318,
    0.0003827288746833801,
    0.00042541325092315674,
    0.9925411939620972
  ],
  "target_held_base_pos": [
    0.6000000238418579,
    1.1641532182693481e-10,
    0.04999999701976776
  ],
  "target_held_base_quat": [
    -0.1578855663537979,
    1.4901161193847656e-08,
    1.4901161193847656e-08,
    0.9874574542045593
  ]
}