{
  "step": 15,
  "held_base_pos": [
    0.5975662469863892,
    -0.006006042938679457,
    0.0750042200088501
  ],
  "held_base_quat": [
    -0.005726751871407032,
    0.0004208991304039955,
    0.00030831294134259224,
    0.9999834895133972
  ],
  "target_held_base_pos": [
    0.6000000238418579,
    1.1641532182693481e-10,
    0.04999999701976776
  ],
  "target_held_base_quat": [
    -0.1578855663537979,
    1.4901161193847656e-08,
    1.4901161193847656e-08,
    0.9874574542045593
  ]
}