{
  "step": 115,
  "held_base_pos": [
    0.5999685525894165,
    -1.1308235116302967e-05,
    0.05006912350654602
  ],
  "held_base_quat": [
    -0.15485689043998718,
    0.0017595887184143066,
    0.0005026906728744507,
    0.9879351854324341
  ],
  "target_held_base_pos": [
    0.6000000238418579,
    1.1641532182693481e-10,
    0.04999999701976776
  ],
  "target_held_base_quat": [
    -0.1578855663537979,
    1.4901161193847656e-08,
    1.4901161193847656e-08,
    0.9874574542045593
  ]
}