{
  "step": 125,
  "held_base_pos": [
    0.5999600887298584,
    -3.6830315366387367e-06,
    0.05005660653114319
  ],
  "held_base_quat": [
    -0.15587948262691498,
    0.0015953928232192993,
    0.0005666911602020264,
    0.9877746105194092
  ],
  "target_held_base_pos": [
    0.6000000238418579,
    1.1641532182693481e-10,
    0.04999999701976776
  ],
  "target_held_base_quat": [
    -0.1578855663537979,
    1.4901161193847656e-08,
    1.4901161193847656e-08,
    0.9874574542045593
  ]
}