{
  "step": 120,
  "held_base_pos": [
    0.5999655723571777,
    2.5265617296099663e-06,
    0.05006030946969986
  ],
  "held_base_quat": [
    -0.1538773626089096,
    0.0015168190002441406,
    -0.0001138150691986084,
    0.9880887269973755
  ],
  "target_held_base_pos": [
    0.6000000238418579,
    1.1641532182693481e-10,
    0.04999999701976776
  ],
  "target_held_base_quat": [
    -0.1578855663537979,
    1.4901161193847656e-08,
    1.4901161193847656e-08,
    0.9874574542045593
  ]
}