{
  "step": 75,
  "held_base_pos": [
    0.6000473499298096,
    -3.0268216505646706e-05,
    0.07482630759477615
  ],
  "held_base_quat": [
    -0.1570252627134323,
    0.0019425898790359497,
    0.0001105964183807373,
    0.9875926971435547
  ],
  "target_held_base_pos": [
    0.6000000238418579,
    1.1641532182693481e-10,
    0.04999999701976776
  ],
  "target_held_base_quat": [
    -0.1578855663537979,
    1.4901161193847656e-08,
    1.4901161193847656e-08,
    0.9874574542045593
  ]
}