{
  "step": 50,
  "held_base_pos": [
    0.5969089865684509,
    -0.0011522052809596062,
    0.07500624656677246
  ],
  "held_base_quat": [
    -0.1490839719772339,
    0.001398712396621704,
    0.0005623400211334229,
    0.988823413848877
  ],
  "target_held_base_pos": [
    0.6000000238418579,
    1.1641532182693481e-10,
    0.04999999701976776
  ],
  "target_held_base_quat": [
    -0.1578855663537979,
    1.4901161193847656e-08,
    1.4901161193847656e-08,
    0.9874574542045593
  ]
}