{
  "step": 60,
  "held_base_pos": [
    0.5977541208267212,
    -0.0010204627178609371,
    0.07501654326915741
  ],
  "held_base_quat": [
    -0.15433025360107422,
    0.0013517290353775024,
    0.0004934966564178467,
    0.988018274307251
  ],
  "target_held_base_pos": [
    0.6000000238418579,
    1.1641532182693481e-10,
    0.04999999701976776
  ],
  "target_held_base_quat": [
    -0.1578855663537979,
    1.4901161193847656e-08,
    1.4901161193847656e-08,
    0.9874574542045593
  ]
}