{
  "step": 145,
  "held_base_pos": [
    0.5999649167060852,
    -2.4047913029789925e-05,
    0.05006062239408493
  ],
  "held_base_quat": [
    -0.1549181193113327,
    0.0012498646974563599,
    0.0011715143918991089,
    0.9879258275032043
  ],
  "target_held_base_pos": [
    0.6000000238418579,
    1.1641532182693481e-10,
    0.04999999701976776
  ],
  "target_held_base_quat": [
    -0.1578855663537979,
    1.4901161193847656e-08,
    1.4901161193847656e-08,
    0.9874574542045593
  ]
}