{
  "step": 80,
  "held_base_pos": [
    0.5999376773834229,
    2.19645444303751e-05,
    0.06827729195356369
  ],
  "held_base_quat": [
    -0.15828514099121094,
    0.0006262362003326416,
    0.0004517585039138794,
    0.9873931407928467
  ],
  "target_held_base_pos": [
    0.6000000238418579,
    1.1641532182693481e-10,
    0.04999999701976776
  ],
  "target_held_base_quat": [
    -0.1578855663537979,
    1.4901161193847656e-08,
    1.4901161193847656e-08,
    0.9874574542045593
  ]
}