{
  "step": 85,
  "held_base_pos": [
    0.5999575853347778,
    3.359280526638031e-06,
    0.054250363260507584
  ],
  "held_base_quat": [
    -0.15897789597511292,
    0.0004213601350784302,
    0.0004619508981704712,
    0.9872819781303406
  ],
  "target_held_base_pos": [
    0.6000000238418579,
    1.1641532182693481e-10,
    0.04999999701976776
  ],
  "target_held_base_quat": [
    -0.1578855663537979,
    1.4901161193847656e-08,
    1.4901161193847656e-08,
    0.9874574542045593
  ]
}