{
  "step": 20,
  "held_base_pos": [
    0.5973266959190369,
    -0.004156933631747961,
    0.07500350475311279
  ],
  "held_base_quat": [
    -0.0370989665389061,
    0.00033335015177726746,
    -0.000135861337184906,
    0.9993115663528442
  ],
  "target_held_base_pos": [
    0.6000000238418579,
    1.1641532182693481e-10,
    0.04999999701976776
  ],
  "target_held_base_quat": [
    -0.1578855663537979,
    1.4901161193847656e-08,
    1.4901161193847656e-08,
    0.9874574542045593
  ]
}