{
  "step": 45,
  "held_base_pos": [
    0.5963711142539978,
    -0.0016948218690231442,
    0.0750175192952156
  ],
  "held_base_quat": [
    -0.14067578315734863,
    0.0008989721536636353,
    0.0005132406949996948,
    0.9900551438331604
  ],
  "target_held_base_pos": [
    0.6000000238418579,
    1.1641532182693481e-10,
    0.04999999701976776
  ],
  "target_held_base_quat": [
    -0.1578855663537979,
    1.4901161193847656e-08,
    1.4901161193847656e-08,
    0.9874574542045593
  ]
}