{
  "step": 130,
  "held_base_pos": [
    0.5999679565429688,
    -9.416602551937103e-06,
    0.05006774514913559
  ],
  "held_base_quat": [
    -0.15400895476341248,
    0.0014598965644836426,
    0.0007625818252563477,
    0.9880680441856384
  ],
  "target_held_base_pos": [
    0.6000000238418579,
    1.1641532182693481e-10,
    0.04999999701976776
  ],
  "target_held_base_quat": [
    -0.1578855663537979,
    1.4901161193847656e-08,
    1.4901161193847656e-08,
    0.9874574542045593
  ]
}