{
  "step": 25,
  "held_base_pos": [
    0.5970082879066467,
    -0.0037039341405034065,
    0.07501860707998276
  ],
  "held_base_quat": [
    -0.07144288718700409,
    0.00021902471780776978,
    -0.00019121915102005005,
    0.9974446892738342
  ],
  "target_held_base_pos": [
    0.6000000238418579,
    1.1641532182693481e-10,
    0.04999999701976776
  ],
  "target_held_base_quat": [
    -0.1578855663537979,
    1.4901161193847656e-08,
    1.4901161193847656e-08,
    0.9874574542045593
  ]
}