{
  "step": 30,
  "held_base_pos": [
    0.5973604321479797,
    -0.0017885752022266388,
    0.07500942051410675
  ],
  "held_base_quat": [
    -0.10181641578674316,
    0.0006432384252548218,
    0.0009658709168434143,
    0.9948025941848755
  ],
  "target_held_base_pos": [
    0.6000000238418579,
    1.1641532182693481e-10,
    0.04999999701976776
  ],
  "target_held_base_quat": [
    -0.1578855663537979,
    1.4901161193847656e-08,
    1.4901161193847656e-08,
    0.9874574542045593
  ]
}