{
  "step": 135,
  "held_base_pos": [
    0.5999671816825867,
    -2.2849300876259804e-05,
    0.05005893483757973
  ],
  "held_base_quat": [
    -0.15524590015411377,
    0.0012666136026382446,
    0.0012986361980438232,
    0.9878741502761841
  ],
  "target_held_base_pos": [
    0.6000000238418579,
    1.1641532182693481e-10,
    0.04999999701976776
  ],
  "target_held_base_quat": [
    -0.1578855663537979,
    1.4901161193847656e-08,
    1.4901161193847656e-08,
    0.9874574542045593
  ]
}