{
  "step": 140,
  "held_base_pos": [
    0.5999678373336792,
    -2.5097979232668877e-05,
    0.050060588866472244
  ],
  "held_base_quat": [
    -0.15537583827972412,
    0.001310095191001892,
    0.0012923479080200195,
    0.9878537654876709
  ],
  "target_held_base_pos": [
    0.6000000238418579,
    1.1641532182693481e-10,
    0.04999999701976776
  ],
  "target_held_base_quat": [
    -0.1578855663537979,
    1.4901161193847656e-08,
    1.4901161193847656e-08,
    0.9874574542045593
  ]
}