{
  "step": 105,
  "held_base_pos": [
    0.5999665856361389,
    -9.164446964859962e-06,
    0.05005683749914169
  ],
  "held_base_quat": [
    -0.15458469092845917,
    0.0010575056076049805,
    0.0009500086307525635,
    0.9879785776138306
  ],
  "target_held_base_pos": [
    0.6000000238418579,
    1.1641532182693481e-10,
    0.04999999701976776
  ],
  "target_held_base_quat": [
    -0.1578855663537979,
    1.4901161193847656e-08,
    1.4901161193847656e-08,
    0.9874574542045593
  ]
}